<?xml version="1.0" encoding="UTF-8"?>
<!DOCTYPE mapper
        PUBLIC "-//mybatis.org//DTD Mapper 3.0//EN"
        "http://mybatis.org/dtd/mybatis-3-mapper.dtd">
<mapper namespace="com.ayu.healthmanagement.mapper.HealthMedicineMapper">

    <resultMap id="BaseResultMap" type="com.ayu.healthmanagement.pojo.HealthMedicine">
            <id property="id" column="id" jdbcType="INTEGER"/>
            <result property="medicineName" column="medicine_name" jdbcType="VARCHAR"/>
            <result property="medicineContent" column="medicine_content" jdbcType="VARCHAR"/>
            <result property="archiveNumber" column="archive_number" jdbcType="VARCHAR"/>
            <result property="createTime" column="create_time" jdbcType="TIMESTAMP"/>
            <result property="updateTime" column="update_time" jdbcType="TIMESTAMP"/>
    </resultMap>

    <sql id="Base_Column_List">
        id,medicine_name,medicine_content,
        archive_number,create_time,update_time
    </sql>
    <select id="getHealthMedicine" resultType="com.ayu.healthmanagement.pojo.HealthMedicine">
        select * from health_medicine where 1=1
        <if test="medicineName!=null and medicineName!=''">
            and medicine_name like concat("%",#{medicineName},"%")
        </if>
        order by create_time desc
        <if test="pageSize!=null">
            limit #{index},#{pageSize}
        </if>
    </select>
</mapper>
