<?xml version="1.0" encoding="UTF-8"?>
<!DOCTYPE mapper
        PUBLIC "-//mybatis.org//DTD Mapper 3.0//EN"
        "http://mybatis.org/dtd/mybatis-3-mapper.dtd">
<mapper namespace="com.ayu.healthmanagement.mapper.HealthArchivesMapper">

    <resultMap id="BaseResultMap" type="com.ayu.healthmanagement.pojo.HealthArchives">
            <id property="id" column="id" jdbcType="INTEGER"/>
            <result property="userId" column="user_id" jdbcType="INTEGER"/>
            <result property="age" column="age" jdbcType="INTEGER"/>
            <result property="gender" column="gender" jdbcType="CHAR"/>
            <result property="height" column="height" jdbcType="DOUBLE"/>
            <result property="weight" column="weight" jdbcType="DOUBLE"/>
            <result property="bloodType" column="blood_type" jdbcType="VARCHAR"/>
            <result property="allergies" column="allergies" jdbcType="VARCHAR"/>
            <result property="medicalHistory" column="medical_history" jdbcType="VARCHAR"/>
            <result property="medication" column="medication" jdbcType="VARCHAR"/>
            <result property="createTime" column="create_time" jdbcType="TIMESTAMP"/>
            <result property="updateTime" column="update_time" jdbcType="TIMESTAMP"/>
    </resultMap>

    <sql id="Base_Column_List">
        id,user_id,age,
        gender,height,weight,
        blood_type,allergies,medical_history,
        medication,create_time,update_time
    </sql>
    <select id="getArchivesByUserId" resultType="com.ayu.healthmanagement.dto.ArchivesAndUserDto">
        select a.*,u.user_name,u.user_phone from health_archives a
              join health_user u on u.id=a.user_id
                where a.user_id=#{userId}
    </select>
    <select id="getArchives" resultType="com.ayu.healthmanagement.dto.ArchivesAndUserDto">
        select a.*,u.user_name,u.user_phone from health_archives a
        join health_user u on u.id=a.user_id
        where 1=1
        <if test="userPhone!=null and userPhone!=''">
            and u.user_phone like concat("%",#{userPhone},"%")
        </if>
        <if test="groupId!=null and groupId!=''">
            and a.group_id = #{groupId}
        </if>
        <if test="idCard!=null and idCard!=''">
            and a.id_card like concat("%",#{idCard},"%")
        </if>
        order by a.create_time desc
        <if test="pageSize!=null">
            limit #{index},#{pageSize}
        </if>
    </select>
    <select id="getArchivesByNumber" resultType="com.ayu.healthmanagement.dto.ArchivesAndUserDto">
        select a.*,u.user_name,u.user_phone from health_archives a
        join health_user u on u.id=a.user_id
        where a.archive_number=#{archiveNumber}
    </select>
    <select id="getAgeAverageValue" resultType="java.lang.Double">
        select avg(age) from health_archives
    </select>
    <select id="getHeightAverageValue" resultType="java.lang.Double">
        select avg(height) from health_archives
    </select>
    <select id="getWeightAverageValue" resultType="java.lang.Double">
        select avg(weight) from health_archives
    </select>
    <select id="getBloodPressureAverageValue" resultType="java.lang.Double">
        select avg(blood_pressure) from health_archives
    </select>
    <select id="getBloodSugarAverageValue" resultType="java.lang.Double">
        select avg(blood_sugar) from health_archives
    </select>
    <select id="getHeartRateAverageValue" resultType="java.lang.Double">
        select avg(heart_rate) from health_archives
    </select>
</mapper>
