<?xml version="1.0" encoding="UTF-8"?>
<!DOCTYPE mapper
        PUBLIC "-//mybatis.org//DTD Mapper 3.0//EN"
        "http://mybatis.org/dtd/mybatis-3-mapper.dtd">
<mapper namespace="com.ayu.healthmanagement.mapper.HealthGroupMapper">

    <resultMap id="BaseResultMap" type="com.ayu.healthmanagement.pojo.HealthGroup">
            <id property="id" column="id" jdbcType="INTEGER"/>
            <result property="groupName" column="group_name" jdbcType="VARCHAR"/>
            <result property="groupKey" column="group_key" jdbcType="VARCHAR"/>
            <result property="createTime" column="create_time" jdbcType="TIMESTAMP"/>
            <result property="updateTime" column="update_time" jdbcType="TIMESTAMP"/>
    </resultMap>

    <sql id="Base_Column_List">
        id,group_name,group_key,
        create_time,update_time
    </sql>
</mapper>
