<?xml version="1.0" encoding="UTF-8"?>
<!DOCTYPE mapper
        PUBLIC "-//mybatis.org//DTD Mapper 3.0//EN"
        "http://mybatis.org/dtd/mybatis-3-mapper.dtd">
<mapper namespace="com.ayu.healthmanagement.mapper.HealthDietMapper">

    <resultMap id="BaseResultMap" type="com.ayu.healthmanagement.pojo.HealthDiet">
            <id property="id" column="id" jdbcType="INTEGER"/>
            <result property="dietName" column="diet_name" jdbcType="VARCHAR"/>
            <result property="dietContent" column="diet_content" jdbcType="VARCHAR"/>
            <result property="archiveNumber" column="archive_number" jdbcType="VARCHAR"/>
            <result property="createTime" column="create_time" jdbcType="TIMESTAMP"/>
            <result property="updateTime" column="update_time" jdbcType="TIMESTAMP"/>
    </resultMap>

    <sql id="Base_Column_List">
        id,diet_name,diet_content,
        archive_number,create_time,update_time
    </sql>
    <select id="getHealthDiets" resultType="com.ayu.healthmanagement.pojo.HealthDiet">
        select * from health_diet where 1=1
        <if test="dietName!=null and dietName!=''">
            and diet_name like concat("%",#{dietName},"%")
        </if>
        order by create_time desc
        <if test="pageSize!=null">
            limit #{index},#{pageSize}
        </if>
    </select>
</mapper>
