<?xml version="1.0" encoding="UTF-8"?>
<!DOCTYPE mapper
        PUBLIC "-//mybatis.org//DTD Mapper 3.0//EN"
        "http://mybatis.org/dtd/mybatis-3-mapper.dtd">
<mapper namespace="com.ayu.healthmanagement.mapper.HealthAppointmentMapper">

    <resultMap id="BaseResultMap" type="com.ayu.healthmanagement.pojo.HealthAppointment">
            <id property="id" column="id" jdbcType="INTEGER"/>
            <result property="time" column="time" jdbcType="TIMESTAMP"/>
            <result property="userName" column="user_name" jdbcType="VARCHAR"/>
            <result property="idCard" column="id_card" jdbcType="VARCHAR"/>
            <result property="userPhone" column="user_phone" jdbcType="VARCHAR"/>
            <result property="status" column="status" jdbcType="CHAR"/>
            <result property="createTime" column="create_time" jdbcType="TIMESTAMP"/>
            <result property="updateTime" column="update_time" jdbcType="TIMESTAMP"/>
    </resultMap>

    <sql id="Base_Column_List">
        id,time,user_name,
        id_card,user_phone,status,
        create_time,update_time
    </sql>
    <select id="getAppointmentList" resultType="com.ayu.healthmanagement.pojo.HealthAppointment">
        select * from health_appointment where 1=1
        <if test="userId!=null">
            and user_id = #{userId}
        </if>
        <if test="userPhone!=null and userPhone!=''">
            and user_phone like concat("%",#{userPhone},"%")
        </if>
        order by create_time desc
        <if test="pageSize!=null">
            limit #{index},#{pageSize}
        </if>
    </select>
</mapper>
