<?xml version="1.0" encoding="UTF-8"?>
<!DOCTYPE mapper
        PUBLIC "-//mybatis.org//DTD Mapper 3.0//EN"
        "http://mybatis.org/dtd/mybatis-3-mapper.dtd">
<mapper namespace="com.ayu.healthmanagement.mapper.HealthRecordMapper">

    <resultMap id="BaseResultMap" type="com.ayu.healthmanagement.pojo.HealthRecord">
            <id property="id" column="id" jdbcType="INTEGER"/>
            <result property="time" column="time" jdbcType="TIMESTAMP"/>
            <result property="mood" column="mood" jdbcType="VARCHAR"/>
            <result property="diet" column="diet" jdbcType="VARCHAR"/>
            <result property="sleep" column="sleep" jdbcType="VARCHAR"/>
            <result property="height" column="height" jdbcType="INTEGER"/>
            <result property="weight" column="weight" jdbcType="INTEGER"/>
            <result property="bloodPressure" column="blood_pressure" jdbcType="VARCHAR"/>
            <result property="heartRate" column="heart_rate" jdbcType="VARCHAR"/>
            <result property="bloodSugar" column="blood_sugar" jdbcType="VARCHAR"/>
    </resultMap>

    <sql id="Base_Column_List">
        id,time,mood,
        diet,sleep,height,
        weight,blood_pressure,heart_rate,
        blood_sugar
    </sql>
    <select id="getHealthRecords" resultType="com.ayu.healthmanagement.pojo.HealthRecord">
        select * from health_record where 1=1
        <if test="beginTime!=null and beginTime!=''">
            and `time` &gt; #{beginTime}
        </if>
        <if test="endTime!=null and endTime!=''">
            and `time` &lt; #{endTime}
        </if>
        order by `time` desc
        <if test="pageSize!=null">
            limit #{index},#{pageSize}
        </if>
    </select>
</mapper>
