<?xml version="1.0" encoding="UTF-8"?>
<!DOCTYPE mapper
        PUBLIC "-//mybatis.org//DTD Mapper 3.0//EN"
        "http://mybatis.org/dtd/mybatis-3-mapper.dtd">
<mapper namespace="com.ayu.healthmanagement.mapper.HealthUserMapper">

    <resultMap id="BaseResultMap" type="com.ayu.healthmanagement.pojo.HealthUser">
            <id property="id" column="id" jdbcType="INTEGER"/>
            <result property="userName" column="user_name" jdbcType="VARCHAR"/>
            <result property="userPhone" column="user_phone" jdbcType="VARCHAR"/>
            <result property="password" column="password" jdbcType="VARCHAR"/>
            <result property="userRole" column="user_role" jdbcType="CHAR"/>
            <result property="createTime" column="create_time" jdbcType="TIMESTAMP"/>
            <result property="updateTime" column="update_time" jdbcType="TIMESTAMP"/>
    </resultMap>

    <sql id="Base_Column_List">
        id,user_name,user_phone,
        password,user_role,create_time,
        update_time
    </sql>
    <select id="getSysUserList" resultType="com.ayu.healthmanagement.pojo.HealthUser">
        select * from health_user where 1=1
        <if test="user.userName!=null and user.userName!=''">
            and user_name like concat("%",#{user.userName},"%")
        </if>
        <if test="user.userPhone!=null and user.userPhone!=''">
            and user_phone like concat("%",#{user.userPhone},"%")
        </if>
        order by create_time desc
        <if test="pageSize!=null">
            limit #{index},#{pageSize}
        </if>
    </select>
</mapper>
