<?xml version="1.0" encoding="UTF-8"?>
<!DOCTYPE mapper
        PUBLIC "-//mybatis.org//DTD Mapper 3.0//EN"
        "http://mybatis.org/dtd/mybatis-3-mapper.dtd">
<mapper namespace="com.ayu.healthmanagement.mapper.HealthMenuMapper">

    <resultMap id="BaseResultMap" type="com.ayu.healthmanagement.pojo.HealthMenu">
            <id property="id" column="id" jdbcType="INTEGER"/>
            <result property="menuName" column="menu_name" jdbcType="VARCHAR"/>
            <result property="path" column="path" jdbcType="VARCHAR"/>
            <result property="parentId" column="parent_id" jdbcType="INTEGER"/>
            <result property="sortNum" column="sort_num" jdbcType="INTEGER"/>
    </resultMap>

    <sql id="Base_Column_List">
        id,menu_name,path,
        parent_id,sort_num
    </sql>
</mapper>
